{"cameraMode":{"drawMode":0,"name":"Shaded","section":"Shading Mode"},"sceneLighting":true,"audioPlay":false,"sceneViewState":{"showFog":true,"showMaterialUpdate":false,"showSkybox":true,"showFlares":true,"showImageEffects":true,"showParticleSystems":true},"in2DMode":false,"pivot":{"x":-3.9973416328430177,"y":2.952148914337158,"z":-3.541222095489502},"rotation":{"x":0.555118978023529,"y":0.2020042985677719,"z":-0.14115393161773683,"w":0.7944260239601135},"size":16.60761070251465,"orthographic":true}