{"cameraMode":{"drawMode":0,"name":"Shaded","section":"Shading Mode"},"sceneLighting":true,"audioPlay":false,"sceneViewState":{"showFog":true,"showMaterialUpdate":false,"showSkybox":true,"showFlares":true,"showImageEffects":true,"showParticleSystems":true},"in2DMode":false,"pivot":{"x":-0.5638775825500488,"y":0.844729483127594,"z":0.7063320875167847},"rotation":{"x":-0.0891982764005661,"y":-0.04241036996245384,"z":0.0038007728289812805,"w":-0.9951066970825195},"size":3.2954299449920656,"orthographic":false}