{"cameraMode":{"drawMode":0,"name":"Shaded","section":"Shading Mode"},"sceneLighting":true,"audioPlay":false,"sceneViewState":{"showFog":true,"showMaterialUpdate":false,"showSkybox":true,"showFlares":true,"showImageEffects":true,"showParticleSystems":true},"in2DMode":false,"pivot":{"x":0.30098772048950198,"y":-2.331422805786133,"z":0.12163162231445313},"rotation":{"x":0.3217388689517975,"y":0.16696496307849885,"z":-0.057750627398490909,"w":0.9302031397819519},"size":23.521381378173829,"orthographic":false}